{"cameraMode":{"drawMode":0,"name":"Shaded","section":"Shading Mode"},"sceneLighting":true,"audioPlay":false,"sceneViewState":{"m_AlwaysRefresh":false,"showFog":true,"showSkybox":true,"showFlares":true,"showImageEffects":true,"showParticleSystems":true,"showVisualEffectGraphs":true,"m_FxEnabled":true},"in2DMode":false,"pivot":{"x":6.3169708251953129,"y":-0.9526252746582031,"z":-11.80339241027832},"rotation":{"x":0.38054031133651736,"y":-0.24506014585494996,"z":0.10531721264123917,"w":0.8854656219482422},"size":7.002315521240234,"orthographic":false}